id,template,icon,emoji,upos,clarity,category,gloss,cefrj_headwords
cat,single,🐱,🐱,NOUN,A,動物,cat,cat
dog,single,🐶,🐶,NOUN,A,動物,dog,dog
bird,single,🐦,🐦,NOUN,A,動物,bird,bird
fish,single,🐟,🐟,NOUN,A,動物,fish (the animal),fish
horse,single,🐴,🐴,NOUN,A,動物,horse,horse
cow,single,🐄,🐄,NOUN,A,動物,cow,cow
pig,single,🐷,🐷,NOUN,A,動物,pig,pig
sheep,single,🐑,🐑,NOUN,A,動物,sheep,sheep
rabbit,single,🐰,🐰,NOUN,A,動物,rabbit,rabbit
mouse_animal,single,🐭,🐭,NOUN,A,動物,mouse (the animal),mouse
rat,single,🐀,🐀,NOUN,A,動物,rat,rat
monkey,single,🐒,🐒,NOUN,A,動物,monkey,monkey
lion,single,🦁,🦁,NOUN,A,動物,lion,lion
tiger,single,🐯,🐯,NOUN,A,動物,tiger,tiger
bear,single,🐻,🐻,NOUN,A,動物,bear (the animal),bear
bat_animal,single,🦇,🦇,NOUN,A,動物,bat (the flying animal),bat
chicken_animal,single,🐔,🐔,NOUN,A,動物,chicken (the live bird),chicken
turkey_animal,single,🦃,🦃,NOUN,A,動物,turkey (the bird),turkey
frog,single,🐸,🐸,NOUN,A,動物,frog,frog
snake,single,🐍,🐍,NOUN,A,動物,snake,snake
bee,single,🐝,🐝,NOUN,A,動物,bee,bee
butterfly,single,🦋,🦋,NOUN,A,動物,butterfly,butterfly
fly_insect,single,🪰,🪰,NOUN,A,動物,fly (the insect),fly
animal,single,🐾,🐾,NOUN,B,動物,animal (general),animal
apple,single,🍎,🍎,NOUN,A,食物,apple,apple
banana,single,🍌,🍌,NOUN,A,食物,banana,banana
orange_fruit,single,🍊,🍊,NOUN,A,食物,orange (the fruit),orange
grape,single,🍇,🍇,NOUN,A,食物,grape,grape
tomato,single,🍅,🍅,NOUN,A,食物,tomato,tomato
potato,single,🥔,🥔,NOUN,A,食物,potato,potato
corn,single,🌽,🌽,NOUN,A,食物,corn / maize,corn
bean,single,🫘,🫘,NOUN,A,食物,bean,bean
vegetable,single,🥦,🥦,NOUN,B,食物,vegetable (general),vegetable
bread,single,🍞,🍞,NOUN,A,食物,bread,bread
rice_cooked,single,🍚,🍚,NOUN,A,食物,"rice (cooked, as food)",rice
egg,single,🥚,🥚,NOUN,A,食物,egg,egg
cheese,single,🧀,🧀,NOUN,A,食物,cheese,cheese
butter,single,🧈,🧈,NOUN,A,食物,butter,butter
meat,single,🍖,🍖,NOUN,A,食物,meat,meat
beef,single,🥩,🥩,NOUN,B,食物,beef (meat of cattle),beef
chicken_meat,single,🍗,🍗,NOUN,B,食物,chicken (as food),chicken
burger,single,🍔,🍔,NOUN,A,食物,hamburger,burger;hamburger
pizza,single,🍕,🍕,NOUN,A,食物,pizza,pizza
sandwich,single,🥪,🥪,NOUN,A,食物,sandwich,sandwich
salad,single,🥗,🥗,NOUN,A,食物,salad,salad
soup,single,🍲,🍲,NOUN,A,食物,soup,soup
cake,single,🍰,🍰,NOUN,A,食物,cake,cake
birthday_cake,single,🎂,🎂,NOUN,A,食物,birthday (shown as birthday cake),birthday
cookie,single,🍪,🍪,NOUN,A,食物,cookie / biscuit,cookie;biscuit
candy,single,🍬,🍬,NOUN,A,食物,candy / sweets,candy
chocolate,single,🍫,🍫,NOUN,A,食物,chocolate,chocolate
ice_cream,single,🍦,🍦,NOUN,A,食物,ice cream,ice cream
water,single,💧,💧,NOUN,A,食物,water,water
milk,single,🥛,🥛,NOUN,A,食物,milk,milk
coffee,single,☕,☕,NOUN,A,食物,coffee,coffee
tea,single,🍵,🍵,NOUN,A,食物,tea,tea
juice,single,🧃,🧃,NOUN,A,食物,juice,juice
soda,single,🥤,🥤,NOUN,B,食物,soft drink / cola,coke
meal,single,🍽️,🍽️,NOUN,B,食物,meal,meal;dinner
lunch_box,single,🍱,🍱,NOUN,B,食物,lunch (shown as a lunch box),lunch
breakfast,single,🥞,🥞,NOUN,B,食物,breakfast,breakfast
baby,single,👶,👶,NOUN,A,人,baby,baby
child,single,🧒,🧒,NOUN,A,人,child,child;kid
boy,single,👦,👦,NOUN,A,人,boy,boy
girl,single,👧,👧,NOUN,A,人,girl,girl
man,single,👨,👨,NOUN,A,人,man,man
woman,single,👩,👩,NOUN,A,人,woman,woman;lady
person,single,🧑,🧑,NOUN,A,人,person,person
family,single,👪,👪,NOUN,A,人,family,family
grandfather,single,👴,👴,NOUN,A,人,grandfather (also: old man),grandfather;grandpa
grandmother,single,👵,👵,NOUN,A,人,grandmother (also: old woman),grandmother;grandma
friend,single,🧑‍🤝‍🧑,🧑‍🤝‍🧑,NOUN,B,人,friend,friend
doctor,single,🧑‍⚕️,🧑‍⚕️,NOUN,A,人,doctor,doctor/Dr./Dr
teacher,single,🧑‍🏫,🧑‍🏫,NOUN,A,人,teacher,teacher
student,single,🧑‍🎓,🧑‍🎓,NOUN,A,人,student,student
police,single,👮,👮,NOUN,A,人,police officer,cop;officer
cook_person,single,🧑‍🍳,🧑‍🍳,NOUN,A,人,cook / chef,cook
farmer,single,🧑‍🌾,🧑‍🌾,NOUN,A,人,farmer,farmer
worker,single,👷,👷,NOUN,A,人,construction worker,worker
scientist,single,🧑‍🔬,🧑‍🔬,NOUN,A,人,scientist,scientist
engineer,single,🧑‍🔧,🧑‍🔧,NOUN,B,人,engineer / mechanic,engineer
singer,single,🧑‍🎤,🧑‍🎤,NOUN,A,人,singer,singer;musician
king,single,👑,👑,NOUN,B,人,king (shown as a crown),king
prince,single,🤴,🤴,NOUN,A,人,prince,prince
princess,single,👸,👸,NOUN,A,人,princess,princess
fairy,single,🧚,🧚,NOUN,A,人,fairy,fairy
ghost,single,👻,👻,NOUN,A,人,ghost,ghost
spy,single,🕵️,🕵️,NOUN,B,人,detective / spy,spy
eye,single,👁️,👁️,NOUN,A,身體,eye,eye
ear,single,👂,👂,NOUN,A,身體,ear,ear
nose,single,👃,👃,NOUN,A,身體,nose,nose
mouth,single,👄,👄,NOUN,A,身體,mouth,mouth
tooth,single,🦷,🦷,NOUN,A,身體,tooth,tooth
hand,single,✋,✋,NOUN,A,身體,hand,hand
leg,single,🦵,🦵,NOUN,A,身體,leg,leg
bone,single,🦴,🦴,NOUN,A,身體,bone,bone
brain,single,🧠,🧠,NOUN,A,身體,brain,brain
heart,single,❤️,❤️,NOUN,B,身體,heart / love,heart;love
face,single,🙂,🙂,NOUN,B,身體,face,face
haircut,single,💇,💇,NOUN,B,身體,haircut,haircut;hair
shirt,single,👔,👔,NOUN,A,衣物,shirt (with collar),shirt
tshirt,single,👕,👕,NOUN,A,衣物,T-shirt,T-shirt/tee-shirt;clothes
trousers,single,👖,👖,NOUN,A,衣物,trousers / jeans,pants;trousers;jeans
dress,single,👗,👗,NOUN,A,衣物,dress,dress
coat,single,🧥,🧥,NOUN,A,衣物,coat / jacket,coat;jacket
shoe,single,👟,👟,NOUN,A,衣物,shoe,shoe
hat,single,👒,👒,NOUN,A,衣物,hat,hat
cap,single,🧢,🧢,NOUN,A,衣物,cap,cap
glasses,single,👓,👓,NOUN,A,衣物,glasses / spectacles,glasses
watch_clock,single,⌚,⌚,NOUN,A,衣物,wristwatch,watch
ring_jewel,single,💍,💍,NOUN,B,衣物,ring / jewelry,jewelry/jewellery
bag,single,👜,👜,NOUN,A,衣物,bag,bag
ribbon,single,🎀,🎀,NOUN,A,衣物,ribbon,ribbon
car,single,🚗,🚗,NOUN,A,交通,car,car
bus,single,🚌,🚌,NOUN,A,交通,bus,bus
taxi,single,🚕,🚕,NOUN,A,交通,taxi,taxi
truck,single,🚚,🚚,NOUN,A,交通,truck,truck
train,single,🚆,🚆,NOUN,A,交通,train,train
subway,single,🚇,🚇,NOUN,A,交通,subway / metro,subway
bicycle,single,🚲,🚲,NOUN,A,交通,bicycle,bicycle;bike
airplane,single,✈️,✈️,NOUN,A,交通,airplane,airplane/aeroplane;plane
ship,single,🚢,🚢,NOUN,A,交通,ship,ship
boat,single,⛵,⛵,NOUN,A,交通,boat,boat
wheel,single,🛞,🛞,NOUN,A,交通,wheel,wheel
ticket,single,🎫,🎫,NOUN,A,交通,ticket,ticket
stop_sign,single,🛑,🛑,NOUN,A,交通,stop (sign),stop
house,single,🏠,🏠,NOUN,A,地點,house / home,house;home
building,single,🏢,🏢,NOUN,A,地點,building,building
school,single,🏫,🏫,NOUN,A,地點,school,school
hospital,single,🏥,🏥,NOUN,A,地點,hospital,hospital
hotel,single,🏨,🏨,NOUN,A,地點,hotel,hotel
bank,single,🏦,🏦,NOUN,A,地點,bank (for money),bank
shop,single,🏪,🏪,NOUN,A,地點,shop / store,shop;store
supermarket,single,🛒,🛒,NOUN,A,地點,supermarket,supermarket
church,single,⛪,⛪,NOUN,A,地點,church,church
temple,single,🛕,🛕,NOUN,A,地點,temple,temple
factory,single,🏭,🏭,NOUN,A,地點,factory,factory
station,single,🚉,🚉,NOUN,A,地點,train station,station
airport,single,🛫,🛫,NOUN,B,地點,airport,airport
city,single,🏙️,🏙️,NOUN,A,地點,city,city
town,single,🏘️,🏘️,NOUN,B,地點,town,town
park,single,🏞️,🏞️,NOUN,A,地點,park,park
beach,single,🏖️,🏖️,NOUN,A,地點,beach,beach
island,single,🏝️,🏝️,NOUN,A,地點,island,island
bridge,single,🌉,🌉,NOUN,B,地點,bridge,bridge
tower,single,🗼,🗼,NOUN,B,地點,tower,tower
palace,single,🏰,🏰,NOUN,B,地點,palace / castle,palace
cinema,single,🎦,🎦,NOUN,B,地點,cinema,cinema
street,single,🛣️,🛣️,NOUN,B,地點,road / street,street
farm,single,🚜,🚜,NOUN,B,地點,farm (shown as tractor),farm
camp,single,⛺,⛺,NOUN,A,地點,camp / tent,camp
zoo_world,single,🌍,🌍,NOUN,A,地點,world / Earth,world
sun,single,☀️,☀️,NOUN,A,自然,sun (also: sunny),sun;sunny;sunshine
moon,single,🌙,🌙,NOUN,A,自然,moon,moon
star,single,⭐,⭐,NOUN,A,自然,star,star
cloud,single,☁️,☁️,NOUN,A,自然,cloud (also: cloudy),cloud;cloudy
rain,single,🌧️,🌧️,NOUN,A,自然,"rain (also: rainy, it rains)",rain;rainy
snow,single,❄️,❄️,NOUN,A,自然,snow (also: snowy),snow;snowy
wind,single,🌬️,🌬️,NOUN,A,自然,wind,wind
fire,single,🔥,🔥,NOUN,A,自然,fire,fire
ice,single,🧊,🧊,NOUN,A,自然,ice,ice
sea,single,🌊,🌊,NOUN,A,自然,sea / wave,sea
mountain,single,⛰️,⛰️,NOUN,A,自然,mountain,mountain;hill
tree,single,🌳,🌳,NOUN,A,自然,tree,tree
flower,single,🌸,🌸,NOUN,A,自然,flower,flower
rose,single,🌹,🌹,NOUN,A,自然,rose,rose
leaf,single,🍃,🍃,NOUN,A,自然,leaf,leaf
grass,single,🌿,🌿,NOUN,B,自然,grass / plant,grass
stone,single,🪨,🪨,NOUN,A,自然,stone / rock,stone
hole,single,🕳️,🕳️,NOUN,A,自然,hole,hole
smoke,single,💨,💨,NOUN,B,自然,smoke / puff,smoke
autumn,single,🍂,🍂,NOUN,B,自然,autumn / fall,autumn
winter,single,⛄,⛄,NOUN,B,自然,winter,winter
morning,single,🌅,🌅,NOUN,B,自然,morning (sunrise),morning
evening,single,🌆,🌆,NOUN,B,自然,evening (dusk),evening
night,single,🌃,🌃,NOUN,B,自然,night,night
book,single,📕,📕,NOUN,A,物品,book,book
notebook,single,📓,📓,NOUN,A,物品,notebook,notebook
pen,single,🖊️,🖊️,NOUN,A,物品,pen,pen
pencil,single,✏️,✏️,NOUN,A,物品,pencil,pencil
ruler,single,📏,📏,NOUN,A,物品,ruler (for measuring),ruler
paper,single,📄,📄,NOUN,B,物品,paper / page,paper;page
letter,single,✉️,✉️,NOUN,A,物品,letter (mail),letter
mail,single,📬,📬,NOUN,B,物品,mail / mailbox,mail
post,single,📮,📮,NOUN,A,物品,post / postbox,post
email,single,📧,📧,NOUN,A,物品,email,email/e-mail/E-mail
newspaper,single,📰,📰,NOUN,A,物品,newspaper,newspaper;news
box,single,📦,📦,NOUN,A,物品,box,box
bottle,single,🍾,🍾,NOUN,B,物品,bottle,bottle
bowl,single,🥣,🥣,NOUN,A,物品,bowl,bowl
glass_drink,single,🥃,🥃,NOUN,B,物品,drinking glass,glass
knife,single,🔪,🔪,NOUN,A,物品,knife,knife
bucket,single,🪣,🪣,NOUN,A,物品,bucket,bucket
key,single,🔑,🔑,NOUN,A,物品,key,key
door,single,🚪,🚪,NOUN,A,物品,door,door
window,single,🪟,🪟,NOUN,A,物品,window,window
chair,single,🪑,🪑,NOUN,A,物品,chair,chair
couch,single,🛋️,🛋️,NOUN,A,物品,sofa,couch;sofa
bed,single,🛏️,🛏️,NOUN,A,物品,bed,bed
bath,single,🛁,🛁,NOUN,A,物品,bathtub / bath,bath
shower,single,🚿,🚿,NOUN,A,物品,shower,shower
toilet,single,🚽,🚽,NOUN,A,物品,toilet,toilet
clock,single,🕐,🕐,NOUN,A,物品,clock,clock
bell,single,🔔,🔔,NOUN,A,物品,bell,bell
light_lamp,single,🔦,🔦,NOUN,B,物品,light / lamp (flashlight),light
umbrella,single,☂️,☂️,NOUN,A,物品,umbrella,umbrella
camera,single,📷,📷,NOUN,A,物品,camera,camera;photo
computer,single,💻,💻,NOUN,A,物品,computer,computer
mouse_device,single,🖱️,🖱️,NOUN,B,物品,computer mouse,mouse
mobile_phone,single,📱,📱,NOUN,A,物品,mobile phone,mobile;mobile phone;phone
telephone,single,☎️,☎️,NOUN,A,物品,telephone (landline),telephone
television,single,📺,📺,NOUN,A,物品,television,television;TV
radio,single,📻,📻,NOUN,A,物品,radio,radio
cd,single,💿,💿,NOUN,A,物品,CD,CD
dvd,single,📀,📀,NOUN,A,物品,DVD,DVD
file,single,📁,📁,NOUN,A,物品,file / folder,file
list,single,📋,📋,NOUN,B,物品,list / clipboard,list
note,single,📝,📝,NOUN,B,物品,note / memo,note;homework
picture,single,🖼️,🖼️,NOUN,A,物品,picture / painting,picture;painting
gift,single,🎁,🎁,NOUN,A,物品,gift / present,gift;present
money,single,💰,💰,NOUN,A,物品,money,money
dollar,single,💵,💵,NOUN,A,物品,dollar / banknote,dollar
credit_card,single,💳,💳,NOUN,A,物品,credit card,credit card
price_tag,single,🏷️,🏷️,NOUN,B,物品,price (tag),price
medicine,single,💊,💊,NOUN,A,物品,medicine / pill,medicine
flag,single,🚩,🚩,NOUN,A,物品,flag,flag
sign,single,🪧,🪧,NOUN,B,物品,sign / placard,sign
kite,single,🪁,🪁,NOUN,A,物品,kite (toy),kite
doll,single,🪆,🪆,NOUN,B,物品,doll,doll
toy,single,🧸,🧸,NOUN,B,物品,toy (teddy bear),toy
brush,single,🖌️,🖌️,NOUN,B,物品,paintbrush,brush
saw,single,🪚,🪚,NOUN,A,物品,saw (tool),saw
tool,single,🔧,🔧,NOUN,B,物品,tool (wrench),tool
machine,single,⚙️,⚙️,NOUN,B,物品,machine (gear),machine
wall,single,🧱,🧱,NOUN,B,物品,wall / bricks,wall;block
seat,single,💺,💺,NOUN,A,物品,seat,seat
vase,single,🏺,🏺,NOUN,B,物品,vase / jar,vase
soccer,single,⚽,⚽,NOUN,A,運動娛樂,soccer / (association) football,soccer;football
american_football,single,🏈,🏈,NOUN,B,運動娛樂,American football,football
baseball,single,⚾,⚾,NOUN,A,運動娛樂,baseball,baseball
basketball,single,🏀,🏀,NOUN,A,運動娛樂,basketball,basketball
volleyball,single,🏐,🏐,NOUN,A,運動娛樂,volleyball,volleyball
tennis,single,🎾,🎾,NOUN,A,運動娛樂,tennis,tennis
goal,single,🥅,🥅,NOUN,A,運動娛樂,goal (in sports),goal
sport,single,🏅,🏅,NOUN,B,運動娛樂,sport / medal,sport;Olympics;contest
game,single,🎮,🎮,NOUN,B,運動娛樂,(video) game,game
music,single,🎵,🎵,NOUN,A,運動娛樂,music,music
song,single,🎶,🎶,NOUN,B,運動娛樂,song,song
guitar,single,🎸,🎸,NOUN,A,運動娛樂,guitar,guitar
piano,single,🎹,🎹,NOUN,A,運動娛樂,piano,piano
drum,single,🥁,🥁,NOUN,A,運動娛樂,drum,drum
movie,single,🎬,🎬,NOUN,A,運動娛樂,movie / film,movie
theater,single,🎭,🎭,NOUN,B,運動娛樂,theater / drama,theater/theatre;drama
party,single,🎉,🎉,NOUN,A,運動娛樂,party / celebration,party;celebration
picnic,single,🧺,🧺,NOUN,A,運動娛樂,picnic (basket),picnic
fishing,single,🎣,🎣,NOUN,A,運動娛樂,fishing,fishing
shopping,single,🛍️,🛍️,NOUN,A,運動娛樂,shopping / buy,shopping
smoking,single,🚬,🚬,NOUN,A,運動娛樂,smoking,smoking
question,single,❓,❓,NOUN,A,符號,question,question
idea,single,💭,💭,NOUN,B,符號,thought / idea,idea;dream
conversation,single,🗨️,🗨️,NOUN,B,符號,conversation / message,conversation;message
peace,single,☮️,☮️,NOUN,B,符號,peace,peace
circle,single,⭕,⭕,NOUN,A,符號,circle,circle
internet,single,🌐,🌐,NOUN,B,符號,internet,Internet/internet
information,single,ℹ️,ℹ️,NOUN,B,符號,information,information
math,single,🧮,🧮,NOUN,B,符號,math (abacus),math/maths
science,single,🔬,🔬,NOUN,B,符號,science,science
history,single,📜,📜,NOUN,B,符號,history (scroll),history
language,single,🔤,🔤,NOUN,B,符號,language (letters),language;speech
vote,single,🗳️,🗳️,NOUN,A,符號,vote / ballot box,vote
fever,single,🤒,🤒,NOUN,A,身體,fever / being ill,fever
cold_illness,single,🤧,🤧,NOUN,B,身體,a cold (illness),cold
kiss,single,💋,💋,NOUN,A,動作,kiss,kiss
red,single,🟥,🟥,ADJ,A,顏色,red,red
blue,single,🟦,🟦,ADJ,A,顏色,blue,blue
green,single,🟩,🟩,ADJ,A,顏色,green,green
yellow,single,🟨,🟨,ADJ,A,顏色,yellow,yellow
orange_color,single,🟧,🟧,ADJ,A,顏色,orange (the colour),orange
purple,single,🟪,🟪,ADJ,A,顏色,purple,purple
brown,single,🟫,🟫,ADJ,A,顏色,brown,brown
black,single,⬛,⬛,ADJ,A,顏色,black,black
white,single,⬜,⬜,ADJ,A,顏色,white,white
run,single,🏃,🏃,VERB,A,動作,run,run
walk,single,🚶,🚶,VERB,A,動作,walk,walk
swim,single,🏊,🏊,VERB,A,動作,swim,swim;swimming
dance,single,💃,💃,VERB,A,動作,dance,dance;dancing
climb,single,🧗,🧗,VERB,A,動作,climb,climb
ride_bike,single,🚴,🚴,VERB,A,動作,ride (a bicycle),ride
surf,single,🏄,🏄,VERB,A,動作,surf,surf
exercise,single,🏋️,🏋️,VERB,A,動作,exercise / lift weights,exercise
sleep,single,😴,😴,VERB,A,動作,sleep,sleep
eat,single,🍴,🍴,VERB,B,動作,eat,eat
cook,single,🍳,🍳,VERB,A,動作,cook,cook
write,single,✍️,✍️,VERB,A,動作,write,write
read,single,📖,📖,VERB,B,動作,read,read;reading
paint,single,🎨,🎨,VERB,B,動作,paint / draw / art,paint;draw;art
sing,single,🎤,🎤,VERB,B,動作,sing,sing
laugh,single,😂,😂,VERB,A,動作,laugh,laugh
smile,single,😊,😊,VERB,B,動作,smile,smile
cry,single,😭,😭,VERB,A,動作,cry,cry
pray,single,🙏,🙏,VERB,B,動作,pray / thank,pray;thanks
greet,single,👋,👋,VERB,A,動作,wave hello / goodbye,greet;hello;hi;bye
call,single,📞,📞,VERB,A,動作,call on the phone,call;phone
cut,single,✂️,✂️,VERB,A,動作,cut,cut
wash,single,🧼,🧼,VERB,B,動作,wash (with soap),wash
brush_teeth,single,🪥,🪥,VERB,B,動作,brush (teeth),brush
clean,single,🧹,🧹,VERB,B,動作,clean / sweep,clean
build,single,🏗️,🏗️,VERB,B,動作,build,build
grow,single,🌱,🌱,VERB,A,動作,grow (plant),grow
fly,single,🕊️,🕊️,VERB,B,動作,fly (bird flying),fly
dig,single,⛏️,⛏️,VERB,B,動作,dig,dig
win,single,🏆,🏆,VERB,A,動作,win,win
fight,single,🥊,🥊,VERB,B,動作,fight / box,fight
celebrate,single,🥳,🥳,VERB,A,動作,celebrate,celebrate
pay,single,💸,💸,VERB,B,動作,pay (money going out),pay
travel,single,🧳,🧳,VERB,B,動作,travel / trip,travel;trip
wait,single,⏳,⏳,VERB,B,動作,wait,wait
wake,single,⏰,⏰,VERB,B,動作,wake up (alarm clock),wake
hurt,single,🤕,🤕,VERB,A,動作,hurt / get injured,hurt
hide,single,🙈,🙈,VERB,B,動作,hide / cover eyes,hide
happy,single,😄,😄,ADJ,B,感受,happy,happy;glad
sad,single,😢,😢,ADJ,A,感受,sad,sad
angry,single,😠,😠,ADJ,A,感受,angry,angry
afraid,single,😨,😨,ADJ,A,感受,afraid / scared,afraid
tired,single,😫,😫,ADJ,A,感受,tired,tired
excited,single,🤩,🤩,ADJ,A,感受,excited,excited;exciting
bored,single,🥱,🥱,ADJ,B,感受,bored / boring,boring
funny,single,😆,😆,ADJ,B,感受,funny,funny
surprised,single,😮,😮,ADJ,B,感受,surprised,surprise
worried,single,😟,😟,ADJ,B,感受,worried,worry
shy,single,😳,😳,ADJ,B,感受,shy / embarrassed,shy
sick,single,🤢,🤢,ADJ,B,感受,sick / feeling ill,sick
hot_feel,single,🥵,🥵,ADJ,A,感受,hot (a person feeling hot / hot weather),hot
cold_feel,single,🥶,🥶,ADJ,A,感受,cold (a person feeling cold / cold weather),cold
delicious,single,😋,😋,ADJ,A,感受,delicious / tasty,delicious
cool,single,😎,😎,ADJ,B,感受,cool (stylish),cool
strong,single,💪,💪,ADJ,B,感受,strong (flexed arm),strong;arm
rich,single,🤑,🤑,ADJ,B,感受,rich,rich
lucky,single,🍀,🍀,ADJ,B,感受,lucky / luck,lucky;luck
foggy,single,🌫️,🌫️,ADJ,A,感受,foggy,foggy
wrong,single,❌,❌,ADJ,A,感受,wrong / incorrect,wrong;false
kitchen,place,🏠+🍳,🏠,NOUN,B,地點,kitchen,kitchen
bedroom,place,🏠+🛏️,🏠,NOUN,B,地點,bedroom,bedroom
bathroom,place,🏠+🛁,🏠,NOUN,B,地點,bathroom,bathroom
living_room,place,🏠+🛋️,🏠,NOUN,B,地點,living room,living room
dining_room,place,🏠+🍽️,🏠,NOUN,B,地點,dining room,dining room
garden,place,🏠+🌷,🏠,NOUN,B,地點,garden,garden
classroom,place,🏫+🪑,🏫,NOUN,B,地點,classroom,classroom
library,place,🏛️+📚,🏛️,NOUN,B,地點,library,library
bookstore,place,🏪+📚,🏪,NOUN,B,地點,bookstore,bookstore
cafe,place,🏪+☕,🏪,NOUN,B,地點,café,cafe/café
restaurant,place,🏪+🍽️,🏪,NOUN,B,地點,restaurant,restaurant
office,place,🏢+💼,🏢,NOUN,B,地點,office,office
swimming_pool,place,🏢+🏊,🏢,NOUN,B,地點,swimming pool,swimming pool
field,single,🌾,🌾,NOUN,B,自然,field (of crops),field
nurse,role,🧑+💉,🧑,NOUN,B,人,nurse,nurse
waiter,role,🧑+🍽️,🧑,NOUN,B,人,waiter / waitress (person serving food),waiter;waitress
driver,role,🧑+🚗,🧑,NOUN,B,人,driver,driver
actor,role,🧑+🎬,🧑,NOUN,B,人,actor,actor
live,role,🧑+🏠,🧑,VERB,B,動作,live (somewhere),live
work,role,🧑+💼,🧑,VERB,B,動作,work / job,work;job
buy,action,💵>🛍️,💵,VERB,B,動作,buy (money becomes goods),buy
sell,action,🛍️>💵,🛍️,VERB,B,動作,sell (goods become money),sell
give,action,🎁>🧑,🎁,VERB,B,動作,give,give
drink,action,🥤>👄,🥤,VERB,B,動作,drink,drink
arrive,action,🚆>🚉,🚆,VERB,B,動作,arrive,arrive
kick,action,🦵>⚽,🦵,VERB,B,動作,kick,kick
catch,action,⚾>🧤,⚾,VERB,B,動作,catch,catch
teach,action,🧑‍🏫>🧑‍🎓,🧑‍🏫,VERB,B,動作,teach,teach
learn,action,📚>🧠,📚,VERB,B,動作,learn / study,learn;study
ask,action,🧑>❓,🧑,VERB,B,動作,ask (a question),ask
answer,action,❓>✅,❓,VERB,B,動作,answer,answer
wear_clothes,action,👕>🧑,👕,VERB,B,動作,wear / put on (clothes on the body),wear
wear_shoes,action,👟>🦶,👟,VERB,B,動作,wear / put on (shoes),wear
wear_hat,action,🧢>🧑,🧢,VERB,B,動作,wear / put on (a hat),wear
sit,action,🧑>🪑,🧑,VERB,B,動作,sit (down),sit
find,single,🔍,🔍,VERB,B,動作,find / look for,find
agree,single,🤝,🤝,VERB,B,動作,agree / shake hands,agree
repeat,single,🔁,🔁,VERB,B,動作,repeat,repeat
focus,single,🎯,🎯,VERB,B,動作,focus / aim,focus
welcome,single,🤗,🤗,VERB,B,動作,welcome / hug,welcome
finish,single,🏁,🏁,VERB,B,動作,finish (finish line),finish
fast,contrast,*🐇|🐢,🐇,ADJ,B,感受,fast,fast;quickly
slow,contrast,🐇|*🐢,🐇,ADJ,B,感受,slow,slow
old_thing,contrast,*🏚️|🏠,🏚️,ADJ,B,感受,old (of a thing),old
new,contrast,🏚️|*🏠,🏚️,ADJ,B,感受,new,new
young,contrast,*🧒|👴,🧒,ADJ,B,感受,young,young
heavy,contrast,*🪨|🪶,🪨,ADJ,B,感受,heavy,heavy
light_weight,contrast,🪨|*🪶,🪨,ADJ,B,感受,light (not heavy),light
hot_touch,contrast,*🔥|🧊,🔥,ADJ,B,感受,"hot (to the touch, of things)",hot
cold_touch,contrast,🔥|*🧊,🔥,ADJ,B,感受,"cold (to the touch, of things)",cold
open,contrast,*🔓|🔒,🔓,ADJ,B,感受,open,open
closed,contrast,🔓|*🔒,🔓,ADJ,B,感受,closed / close,closed;close
dark,contrast,*🌑|🌕,🌑,ADJ,B,感受,dark,dark
bright,contrast,🌑|*🌕,🌑,ADJ,B,感受,bright,bright
long,contrast,*🐍|🐛,🐍,ADJ,B,感受,long,long
short_length,contrast,🐍|*🐛,🐍,ADJ,B,感受,short (not long),short
tall,contrast,*🦒|🐧,🦒,ADJ,B,感受,tall,tall
short_height,contrast,🦒|*🐧,🦒,ADJ,B,感受,short (not tall),short
