id,group,en,ja_draft,template,icon,clarity,merges
I,實體,"I, me",私,single,🙋,B,
YOU,實體,you,あなた,single,🫵,B,
SOMEONE,實體,"someone, who","誰か, 誰",single,👤,B,
SOMETHING,實體,"something, thing, what","何か, もの, 何",single,✳️,C,
PEOPLE,實體,people,"人, 人々",single,👥,B,people
BODY,實體,body,体,single,🧍,B,
KIND,關係,kind (of),種類,single,🗂️,C,
PART,關係,part (of),部分,single,🧩,B,piece
THIS,限定,this,"この, これ",single,👇,B,
THE_SAME,限定,the same,同じ,single,🟰,B,
OTHER,限定,"other, else","他, 別",single,🔀,C,
ONE,數量,one,一つ,single,1️⃣,A,
TWO,數量,two,二つ,single,2️⃣,A,
SOME,數量,some,いくつか,contrast,🍎🍎🍎🍎|*🍎🍎,C,
ALL,數量,all,"全部, みんな",single,💯,B,
MUCH_MANY,數量,"much, many",たくさん,contrast,*🍎🍎🍎|🍎,B,
LITTLE_FEW,數量,"little, few",少し,contrast,🍎🍎🍎|*🍎,B,
GOOD,評價,good,いい,single,👍,B,good
BAD,評價,bad,悪い,single,👎,B,bad
BIG,描述,big,大きい,contrast,*🐘|🐭,B,big
SMALL,描述,small,小さい,contrast,🐘|*🐭,B,small
THINK,心智,think,思う,single,🤔,A,think
KNOW,心智,know,"知る, 分かる",single,💡,B,
WANT,心智,want,"〜たい, ほしい",single,🫴,B,
DONT_WANT,心智,don't want,"〜たくない, いらない",single,🙅,B,
FEEL,心智,feel,感じる,single,🫶,B,
SEE,心智,see,見る,single,👀,A,look
HEAR,心智,hear,聞く,single,🎧,B,listen
SAY,言語,say,言う,single,🗣️,B,
WORDS,言語,words,言葉,single,💬,B,
TRUE,言語,true,本当,single,✅,B,correct
DO,動作,do,する,single,🛠️,C,
HAPPEN,動作,happen,起こる,single,💥,B,
MOVE,動作,move,動く,single,↪️,C,
BE_SOMEWHERE,存在,be (somewhere),"いる, ある",single,📍,C,
THERE_IS,存在,there is,"ある, いる",single,✨,C,
BE_SOMEONE,存在,be (someone/something),"〜だ, 〜である",single,🪪,C,
MINE,存在,(is) mine,私の,single,🤲,C,
LIVE,生命,live (be alive),生きる,single,💓,B,
DIE,生命,die,死ぬ,single,🥀,B,
WHEN_TIME,時間,"when, time","時, いつ",single,🕰️,B,
NOW,時間,now,今,single,👉🕰️,C,
BEFORE,時間,before,前,single,⏪,B,
AFTER,時間,after,後,single,⏩,B,
LONG_TIME,時間,a long time,長い間,contrast,*⏳⏳⏳|⏳,B,
SHORT_TIME,時間,a short time,短い間,contrast,⏳⏳⏳|*⏳,B,
FOR_SOME_TIME,時間,for some time,しばらく,single,⏳,C,
MOMENT,時間,moment,"瞬間, 一瞬",single,⏱️,B,
WHERE_PLACE,空間,"where, place","所, どこ",single,🗺️,B,
HERE,空間,here,ここ,single,📌,B,
ABOVE,空間,above,上,single,⬆️,B,
BELOW,空間,below,下,single,⬇️,B,
FAR,空間,far,遠い,single,🔭,B,
NEAR,空間,near,近い,single,🤏,C,
SIDE,空間,side,"横, 側",single,↔️,C,
INSIDE,空間,inside,中,single,📥,C,
TOUCH,空間,touch (contact),触る,single,👆,B,
NOT,邏輯,"not, no","ない, 〜ない",single,🚫,A,
MAYBE,邏輯,maybe,かもしれない,single,🤷,B,
CAN,邏輯,can,できる,single,👌,C,
BECAUSE,邏輯,because,"から, ので",single,🌧️➡️☂️,C,
IF,邏輯,if,"もし, 〜たら",single,🌧️❔☂️,C,
VERY,強化,very,とても,single,‼️,B,
MORE,強化,more,もっと,single,➕,B,
LIKE_AS,相似,"like, as, way","〜のよう, 〜みたい",single,🐱≈🐯,C,
